filename,file_size,file_attributes,region_count,region_id,region_shape_attributes,region_attributes
images/Set1/21270_1.jpg,-1,"{}",1,0,"{""name"":""circle"",""cx"":214,""cy"":94,""r"":102.414}","{""Age"":""25-35"",""Weight"":""slightly-overweight"",""Gender"":""female"",""Economy-Class"":""middle class"",""Education"":""Educated"",""CarryingBag"":""Grocery/Home/Plastic Bag"",""Accessories"":{""Nothing"":true},""Footwear"":""CantSee"",""Demeanour"":""Unkept"",""ClothingStyle"":""Average"",""ImageQuality"":""Good"",""Emotion"":""Neutral"",""ClothingStyle2"":""Formal/Business"",""BodyPose"":""Back""}"
images/Set1/930_0 (2).jpg,-1,"{}",1,0,"{""name"":""rect"",""x"":61,""y"":16,""width"":123,""height"":167}","{""Age"":""15-25"",""Weight"":""normal-healthy"",""Gender"":""female"",""Economy-Class"":""upper class"",""Education"":""Educated"",""CarryingBag"":""None"",""Accessories"":{},""Footwear"":""CantSee"",""Demeanour"":""Average"",""ClothingStyle"":""Classy-Fashionable"",""ImageQuality"":""Average"",""Emotion"":""Sad"",""ClothingStyle2"":""Daily"",""BodyPose"":""Front-Frontish""}"
images/Set1/10830_5 (2).jpg,-1,"{}",1,0,"{""name"":""rect"",""x"":29,""y"":4,""width"":46,""height"":37}","{""Age"":""35-45"",""Weight"":""slightly-overweight"",""Gender"":""male"",""Economy-Class"":""uber upper class"",""Education"":""Educated"",""CarryingBag"":""Daily/Office/Work Bag"",""Accessories"":{""Sunglasses"":true,""Watch"":true},""Footwear"":""Normal"",""Demeanour"":""Classy-Groomed"",""ClothingStyle"":""Classy-Fashionable"",""ImageQuality"":""Average"",""Emotion"":""Neutral"",""ClothingStyle2"":""Formal/Business"",""BodyPose"":""Front-Frontish""}"
images/Set1/IMG (4103).jpg,-1,"{}",1,0,"{""name"":""circle"",""cx"":59,""cy"":44,""r"":34}","{""Age"":""35-45"",""Weight"":""slightly-overweight"",""Gender"":""female"",""Economy-Class"":""middle class"",""Education"":""Educated"",""CarryingBag"":""Daily/Office/Work Bag"",""Accessories"":{""Earings"":true,""Watch"":true,""OtherJewellery"":true},""Footwear"":""Fancy"",""Demeanour"":""Average"",""ClothingStyle"":""Average"",""ImageQuality"":""Average"",""Emotion"":""Angry/Serious"",""ClothingStyle2"":""Ethnic"",""BodyPose"":""Side""}"
images/Set1/IMG (2524).jpg,-1,"{}",1,0,"{""name"":""rect"",""x"":68,""y"":0,""width"":106,""height"":26}","{""Age"":""25-35"",""Weight"":""slightly-overweight"",""Gender"":""male"",""Economy-Class"":""middle class"",""Education"":""Educated"",""CarryingBag"":""Daily/Office/Work Bag"",""Accessories"":{""Nothing"":true},""Footwear"":""CantSee"",""Demeanour"":""Unkept"",""ClothingStyle"":""Average"",""ImageQuality"":""Good"",""Emotion"":""Neutral"",""ClothingStyle2"":""Formal/Business"",""BodyPose"":""Back""}"
images/Set1/8880_0.jpg,-1,"{}",1,0,"{""name"":""rect"",""x"":137,""y"":21,""width"":148,""height"":153}","{""Age"":""35-45"",""Weight"":""normal-healthy"",""Gender"":""male"",""Economy-Class"":""middle class"",""Education"":""Uneducation"",""CarryingBag"":""None"",""Accessories"":{""Nothing"":true},""Footwear"":""CantSee"",""Demeanour"":""Unkept"",""ClothingStyle"":""Below Average"",""ImageQuality"":""Good"",""Emotion"":""Sad"",""ClothingStyle2"":""Daily"",""BodyPose"":""Front-Frontish""}"
images/Set1/1110_1 (3).jpg,-1,"{}",1,0,"{""name"":""circle"",""cx"":60,""cy"":49,""r"":38}","{""Age"":""35-45"",""Weight"":""slightly-overweight"",""Gender"":""male"",""Economy-Class"":""middle class"",""Education"":""Educated"",""CarryingBag"":""None"",""Accessories"":{""Nothing"":true},""Footwear"":""CantSee"",""Demeanour"":""Average"",""ClothingStyle"":""Average"",""ImageQuality"":""Good"",""Emotion"":""Sad"",""ClothingStyle2"":""Daily"",""BodyPose"":""Front-Frontish""}"
images/Set1/35010_0.jpg,-1,"{}",2,0,"{""name"":""circle"",""cx"":11,""cy"":32,""r"":68.447}","{""Age"":""Under 15"",""Weight"":""normal-healthy"",""Gender"":""male"",""Economy-Class"":""upper class"",""Education"":""Educated"",""CarryingBag"":""None"",""Accessories"":{""Nothing"":true,""Cap"":true},""Footwear"":""CantSee"",""Demeanour"":""Classy-Groomed"",""ClothingStyle"":""Classy-Fashionable"",""ImageQuality"":""Good"",""Emotion"":""Sad"",""ClothingStyle2"":""Ethnic"",""BodyPose"":""Front-Frontish""}"
images/Set1/35010_0.jpg,-1,"{}",2,1,"{""name"":""rect"",""x"":86,""y"":19,""width"":144,""height"":170}","{""Age"":""35-45"",""Weight"":""normal-healthy"",""Gender"":""female"",""Economy-Class"":""upper class"",""Education"":""Educated"",""CarryingBag"":""Daily/Office/Work Bag"",""Accessories"":{""OtherJewellery"":true},""Footwear"":""CantSee"",""Demeanour"":""Classy-Groomed"",""ClothingStyle"":""Classy-Fashionable"",""ImageQuality"":""Good"",""Emotion"":""Neutral"",""ClothingStyle2"":""Ethnic"",""BodyPose"":""Front-Frontish""}"
images/Set1/4710_0 (5).jpg,-1,"{}",1,0,"{""name"":""ellipse"",""cx"":100,""cy"":55,""rx"":37,""ry"":51.788,""theta"":0.175}","{""Age"":""25-35"",""Weight"":""normal-healthy"",""Gender"":""female"",""Economy-Class"":""middle class"",""Education"":""Educated"",""CarryingBag"":""Grocery/Home/Plastic Bag"",""Accessories"":{""Sunglasses"":true,""Watch"":true},""Footwear"":""CantSee"",""Demeanour"":""Classy-Groomed"",""ClothingStyle"":""Classy-Fashionable"",""ImageQuality"":""Good"",""Emotion"":""Happy"",""ClothingStyle2"":""Daily"",""BodyPose"":""Front-Frontish""}"
images/Set1/1560_0 (4).jpg,-1,"{}",1,0,"{""name"":""circle"",""cx"":90,""cy"":68,""r"":72}","{""Age"":""15-25"",""Weight"":""normal-healthy"",""Gender"":""female"",""Economy-Class"":""middle class"",""Education"":""Educated"",""CarryingBag"":""None"",""Accessories"":{""Watch"":true,""Cap"":true},""Footwear"":""Fancy"",""Demeanour"":""Classy-Groomed"",""ClothingStyle"":""Classy-Fashionable"",""ImageQuality"":""Good"",""Emotion"":""Happy"",""ClothingStyle2"":""Formal/Business"",""BodyPose"":""Front-Frontish""}"
images/Set1/25290_1 (2).jpg,-1,"{}",1,0,"{""name"":""circle"",""cx"":159,""cy"":181,""r"":180.438}","{""Age"":""45-55"",""Weight"":""normal-healthy"",""Gender"":""male"",""Economy-Class"":""lower middle class"",""Education"":""Educated"",""CarryingBag"":""None"",""Accessories"":{""Nothing"":true},""Footwear"":""CantSee"",""Demeanour"":""Unkept"",""ClothingStyle"":""Below Average"",""ImageQuality"":""Good"",""Emotion"":""Happy"",""ClothingStyle2"":""Daily"",""BodyPose"":""Front-Frontish""}"
images/Set1/28980_1.jpg,-1,"{}",1,0,"{""name"":""ellipse"",""cx"":193,""cy"":142,""rx"":104.755,""ry"":117.491,""theta"":3.065}","{""Age"":""25-35"",""Weight"":""normal-healthy"",""Gender"":""female"",""Economy-Class"":""middle class"",""Education"":""Educated"",""CarryingBag"":""None"",""Accessories"":{""Earings"":true},""Footwear"":""CantSee"",""Demeanour"":""Average"",""ClothingStyle"":""Classy-Fashionable"",""ImageQuality"":""Good"",""Emotion"":""Neutral"",""ClothingStyle2"":""Formal/Business"",""BodyPose"":""Back""}"
images/Set1/2190_4.jpg,-1,"{}",1,0,"{""name"":""circle"",""cx"":170,""cy"":126,""r"":78.847}","{""Age"":""15-25"",""Weight"":""normal-healthy"",""Gender"":""male"",""Economy-Class"":""middle class"",""Education"":""Uneducation"",""CarryingBag"":""None"",""Accessories"":{""Nothing"":true},""Footwear"":""CantSee"",""Demeanour"":""Average"",""ClothingStyle"":""Below Average"",""ImageQuality"":""Good"",""Emotion"":""Sad"",""ClothingStyle2"":""Daily"",""BodyPose"":""Front-Frontish""}"
images/Set1/3870_6.jpg,-1,"{}",1,0,"{""name"":""circle"",""cx"":135,""cy"":60,""r"":82.037}","{""Age"":""25-35"",""Weight"":""normal-healthy"",""Gender"":""male"",""Economy-Class"":""lower middle class"",""Education"":""Uneducation"",""CarryingBag"":""None"",""Accessories"":{""OtherJewellery"":true},""Footwear"":""CantSee"",""Demeanour"":""Unkept"",""ClothingStyle"":""Below Average"",""ImageQuality"":""Average"",""Emotion"":""Neutral"",""ClothingStyle2"":""Daily"",""BodyPose"":""Back""}"
images/Set1/3690_1 (3).jpg,-1,"{}",1,0,"{""name"":""rect"",""x"":38,""y"":2,""width"":107,""height"":45}","{""Age"":""35-45"",""Weight"":""slightly-overweight"",""Gender"":""female"",""Economy-Class"":""uber upper class"",""Education"":""Educated"",""CarryingBag"":""None"",""Accessories"":{""OtherJewellery"":true},""Footwear"":""CantSee"",""Demeanour"":""Classy-Groomed"",""ClothingStyle"":""Classy-Fashionable"",""ImageQuality"":""Good"",""Emotion"":""Angry/Serious"",""ClothingStyle2"":""Formal/Business"",""BodyPose"":""Front-Frontish""}"
images/Set1/IMG (6896).jpg,-1,"{}",1,0,"{""name"":""rect"",""x"":156,""y"":6,""width"":171,""height"":89}","{""Age"":""25-35"",""Weight"":""normal-healthy"",""Gender"":""female"",""Economy-Class"":""middle class"",""Education"":""Educated"",""CarryingBag"":""None"",""Accessories"":{""Earings"":true,""OtherJewellery"":true},""Footwear"":""CantSee"",""Demeanour"":""Average"",""ClothingStyle"":""Average"",""ImageQuality"":""Average"",""Emotion"":""Sad"",""ClothingStyle2"":""Sports"",""BodyPose"":""Front-Frontish""}"
images/Set1/IMG (3395).jpg,-1,"{}",1,0,"{""name"":""rect"",""x"":24,""y"":12,""width"":80,""height"":66}","{""Age"":""25-35"",""Weight"":""normal-healthy"",""Gender"":""female"",""Economy-Class"":""upper class"",""Education"":""Educated"",""Accessories"":{""Nothing"":true},""Footwear"":""CantSee"",""Demeanour"":""Classy-Groomed"",""ClothingStyle"":""Classy-Fashionable"",""ImageQuality"":""Bad"",""Emotion"":""Happy"",""ClothingStyle2"":""Sports"",""BodyPose"":""Front-Frontish""}"
images/Set1/30270_1 (3).jpg,-1,"{}",1,0,"{""name"":""rect"",""x"":33,""y"":4,""width"":58,""height"":55}","{""Age"":""25-35"",""Weight"":""normal-healthy"",""Gender"":""male"",""Economy-Class"":""lower middle class"",""Education"":""Educated"",""CarryingBag"":""None"",""Accessories"":{""Nothing"":true},""Footwear"":""CantSee"",""Demeanour"":""Unkept"",""ClothingStyle"":""Below Average"",""ImageQuality"":""Average"",""Emotion"":""Sad"",""ClothingStyle2"":""Formal/Business"",""BodyPose"":""Front-Frontish""}"
images/Set1/6570_2.jpg,-1,"{}",1,0,"{""name"":""rect"",""x"":15,""y"":14,""width"":106,""height"":94}","{""Age"":""25-35"",""Weight"":""normal-healthy"",""Gender"":""male"",""Economy-Class"":""middle class"",""Education"":""Uneducation"",""CarryingBag"":""None"",""Accessories"":{""Cap"":true},""Footwear"":""CantSee"",""Demeanour"":""Average"",""ClothingStyle"":""Average"",""ImageQuality"":""Bad"",""Emotion"":""Sad"",""ClothingStyle2"":""Sports"",""BodyPose"":""Front-Frontish""}"
images/Set1/IMG (2269).jpg,-1,"{}",1,0,"{""name"":""rect"",""x"":22,""y"":1,""width"":75,""height"":52}","{""Age"":""15-25"",""Weight"":""slightly-overweight"",""Gender"":""male"",""Economy-Class"":""middle class"",""Education"":""Educated"",""CarryingBag"":""None"",""Accessories"":{""Nothing"":true},""Footwear"":""Fancy"",""Demeanour"":""Average"",""ClothingStyle"":""Average"",""ImageQuality"":""Average"",""Emotion"":""Neutral"",""ClothingStyle2"":""Daily"",""BodyPose"":""Back""}"
images/Set1/IMG (376).jpg,-1,"{}",1,0,"{""name"":""rect"",""x"":48,""y"":14,""width"":61,""height"":88}","{""Age"":""25-35"",""Weight"":""normal-healthy"",""Gender"":""female"",""Economy-Class"":""upper class"",""Education"":""Educated"",""CarryingBag"":""None"",""Accessories"":{""Nothing"":true},""Footwear"":""CantSee"",""Demeanour"":""Average"",""ClothingStyle"":""Classy-Fashionable"",""ImageQuality"":""Average"",""Emotion"":""Neutral"",""ClothingStyle2"":""Ethnic"",""BodyPose"":""Back""}"
images/Set1/18810_1 (2).jpg,-1,"{}",1,0,"{""name"":""rect"",""x"":46,""y"":10,""width"":62,""height"":50}","{""Age"":""45-55"",""Weight"":""normal-healthy"",""Gender"":""male"",""Economy-Class"":""middle class"",""Education"":""Educated"",""CarryingBag"":""None"",""Accessories"":{""Cap"":true},""Footwear"":""CantSee"",""Demeanour"":""Average"",""ClothingStyle"":""Average"",""ImageQuality"":""Bad"",""Emotion"":""Neutral"",""ClothingStyle2"":""Formal/Business"",""BodyPose"":""Front-Frontish""}"
images/Set1/IMG (5490).jpg,-1,"{}",1,0,"{""name"":""rect"",""x"":53,""y"":16,""width"":57,""height"":42}","{""Age"":""15-25"",""Weight"":""normal-healthy"",""Gender"":""male"",""Economy-Class"":""middle class"",""Education"":""Educated"",""CarryingBag"":""None"",""Accessories"":{""Nothing"":true},""Footwear"":""CantSee"",""Demeanour"":""Average"",""ClothingStyle"":""Average"",""ImageQuality"":""Average"",""Emotion"":""Neutral"",""ClothingStyle2"":""Daily"",""BodyPose"":""Back""}"
images/Set1/20280_4.jpg,-1,"{}",1,0,"{""name"":""rect"",""x"":207,""y"":0,""width"":207,""height"":163}","{""Age"":""55+"",""Weight"":""slightly-overweight"",""Gender"":""male"",""Economy-Class"":""middle class"",""Education"":""Educated"",""CarryingBag"":""None"",""Accessories"":{""Cap"":true},""Footwear"":""CantSee"",""Demeanour"":""Average"",""ClothingStyle"":""Average"",""ImageQuality"":""Good"",""Emotion"":""Happy"",""ClothingStyle2"":""Ethnic"",""BodyPose"":""Front-Frontish""}"
images/Set1/810_1 (3).jpg,-1,"{}",1,0,"{""name"":""rect"",""x"":0,""y"":29,""width"":56,""height"":162}","{""Age"":""25-35"",""Weight"":""normal-healthy"",""Gender"":""female"",""Economy-Class"":""middle class"",""Education"":""Educated"",""CarryingBag"":""None"",""Accessories"":{""OtherJewellery"":true},""Footwear"":""Normal"",""Demeanour"":""Classy-Groomed"",""ClothingStyle"":""Classy-Fashionable"",""ImageQuality"":""Average"",""Emotion"":""Sad"",""ClothingStyle2"":""Daily"",""BodyPose"":""Front-Frontish""}"
images/Set1/3180_1.jpg,-1,"{}",1,0,"{""name"":""rect"",""x"":51,""y"":2,""width"":112,""height"":84}","{""Age"":""35-45"",""Weight"":""slightly-overweight"",""Gender"":""female"",""Economy-Class"":""middle class"",""Education"":""Educated"",""CarryingBag"":""None"",""Accessories"":{""Nothing"":true},""Footwear"":""CantSee"",""Demeanour"":""Average"",""ClothingStyle"":""Average"",""ImageQuality"":""Average"",""Emotion"":""Neutral"",""ClothingStyle2"":""Ethnic"",""BodyPose"":""Side""}"
images/Set1/9390_1 (2).jpg,-1,"{}",1,0,"{""name"":""rect"",""x"":82,""y"":15,""width"":99,""height"":74}","{""Age"":""35-45"",""Weight"":""underweight"",""Gender"":""male"",""Economy-Class"":""middle class"",""Education"":""Educated"",""CarryingBag"":""Daily/Office/Work Bag"",""Accessories"":{""Watch"":true},""Footwear"":""CantSee"",""Demeanour"":""Average"",""ClothingStyle"":""Average"",""ImageQuality"":""Average"",""Emotion"":""Neutral"",""ClothingStyle2"":""Daily"",""BodyPose"":""Back""}"
images/Set1/1350_1 (5).jpg,-1,"{}",1,0,"{""name"":""rect"",""x"":200,""y"":3,""width"":183,""height"":136}","{""Age"":""45-55"",""Weight"":""over-weight"",""Gender"":""male"",""Economy-Class"":""upper class"",""Education"":""Educated"",""CarryingBag"":""None"",""Accessories"":{""Nothing"":true},""Footwear"":""CantSee"",""Demeanour"":""Classy-Groomed"",""ClothingStyle"":""Average"",""ImageQuality"":""Good"",""Emotion"":""Happy"",""ClothingStyle2"":""Formal/Business"",""BodyPose"":""Side""}"
images/Set1/12780_3 (3).jpg,-1,"{}",1,0,"{""name"":""rect"",""x"":34,""y"":0,""width"":61,""height"":46}","{""Age"":""35-45"",""Weight"":""slightly-overweight"",""Gender"":""male"",""Economy-Class"":""middle class"",""Education"":""Educated"",""CarryingBag"":""Daily/Office/Work Bag"",""Accessories"":{""Watch"":true,""Sunglasses"":true},""Footwear"":""CantSee"",""Demeanour"":""Classy-Groomed"",""ClothingStyle"":""Average"",""ImageQuality"":""Average"",""Emotion"":""Happy"",""ClothingStyle2"":""Daily"",""BodyPose"":""Front-Frontish""}"
images/Set1/29070_2.jpg,-1,"{}",2,0,"{""name"":""rect"",""x"":71,""y"":10,""width"":49,""height"":54}","{""Age"":""35-45"",""Weight"":""normal-healthy"",""Gender"":""female"",""Economy-Class"":""middle class"",""Education"":""Educated"",""CarryingBag"":""None"",""Accessories"":{""Earings"":true},""Footwear"":""Normal"",""Demeanour"":""Average"",""ClothingStyle"":""Classy-Fashionable"",""ImageQuality"":""Good"",""Emotion"":""Happy"",""ClothingStyle2"":""Daily"",""BodyPose"":""Back""}"
images/Set1/29070_2.jpg,-1,"{}",2,1,"{""name"":""rect"",""x"":28,""y"":8,""width"":36,""height"":51}","{""Age"":""45-55"",""Weight"":""normal-healthy"",""Gender"":""male"",""Economy-Class"":""middle class"",""Education"":""Educated"",""CarryingBag"":""None"",""Accessories"":{""Nothing"":true},""Footwear"":""Normal"",""Demeanour"":""Average"",""ClothingStyle"":""Average"",""ImageQuality"":""Good"",""Emotion"":""Neutral"",""ClothingStyle2"":""Daily"",""BodyPose"":""Back""}"
images/Set1/15390_3 (3).jpg,-1,"{}",1,0,"{""name"":""ellipse"",""cx"":108,""cy"":45,""rx"":57.079,""ry"":61,""theta"":0.053}","{""Age"":""35-45"",""Weight"":""normal-healthy"",""Gender"":""female"",""Economy-Class"":""middle class"",""Education"":""Educated"",""CarryingBag"":""Grocery/Home/Plastic Bag"",""Accessories"":{""Nothing"":true},""Footwear"":""Normal"",""Demeanour"":""Classy-Groomed"",""ClothingStyle"":""Classy-Fashionable"",""ImageQuality"":""Good"",""Emotion"":""Neutral"",""ClothingStyle2"":""Formal/Business"",""BodyPose"":""Front-Frontish""}"
images/Set1/30840_3.jpg,-1,"{}",1,0,"{""name"":""rect"",""x"":161,""y"":18,""width"":210,""height"":189}","{""Age"":""35-45"",""Weight"":""slightly-overweight"",""Gender"":""female"",""Economy-Class"":""lower middle class"",""Education"":""Uneducation"",""CarryingBag"":""None"",""Accessories"":{""Nothing"":true},""Footwear"":""Normal"",""Demeanour"":""Average"",""ClothingStyle"":""Average"",""ImageQuality"":""Good"",""Emotion"":""Neutral"",""ClothingStyle2"":""Ethnic"",""BodyPose"":""Side""}"
images/Set1/IMG (6136).jpg,-1,"{}",1,0,"{""name"":""rect"",""x"":82,""y"":1,""width"":180,""height"":80}","{""Age"":""35-45"",""Weight"":""slightly-overweight"",""Gender"":""male"",""Economy-Class"":""middle class"",""Education"":""Uneducation"",""CarryingBag"":""None"",""Accessories"":{""OtherJewellery"":true},""Footwear"":""CantSee"",""Demeanour"":""Unkept"",""ClothingStyle"":""Below Average"",""ImageQuality"":""Good"",""Emotion"":""Neutral"",""ClothingStyle2"":""Daily"",""BodyPose"":""Side""}"
images/Set1/IMG (1850).jpg,-1,"{}",1,0,"{""name"":""rect"",""x"":60,""y"":2,""width"":65,""height"":68}","{""Age"":""35-45"",""Weight"":""over-weight"",""Gender"":""male"",""Economy-Class"":""upper class"",""Education"":""Educated"",""CarryingBag"":""Daily/Office/Work Bag"",""Accessories"":{""Watch"":true,""OtherJewellery"":true,""Sunglasses"":true},""Footwear"":""CantSee"",""Demeanour"":""Classy-Groomed"",""ClothingStyle"":""Average"",""ImageQuality"":""Good"",""Emotion"":""Sad"",""ClothingStyle2"":""Formal/Business"",""BodyPose"":""Front-Frontish""}"
images/Set1/16710_1 (3).jpg,-1,"{}",1,0,"{""name"":""rect"",""x"":58,""y"":10,""width"":77,""height"":65}","{""Age"":""25-35"",""Weight"":""normal-healthy"",""Gender"":""female"",""Economy-Class"":""middle class"",""Education"":""Educated"",""CarryingBag"":""Grocery/Home/Plastic Bag"",""Accessories"":{""Nothing"":true},""Footwear"":""CantSee"",""Demeanour"":""Classy-Groomed"",""ClothingStyle"":""Average"",""ImageQuality"":""Bad"",""Emotion"":""Happy"",""ClothingStyle2"":""Ethnic"",""BodyPose"":""Front-Frontish""}"
images/Set1/IMG (3716).jpg,-1,"{}",1,0,"{""name"":""rect"",""x"":47,""y"":4,""width"":66,""height"":62}","{""Age"":""45-55"",""Weight"":""over-weight"",""Gender"":""male"",""Economy-Class"":""upper class"",""Education"":""Educated"",""CarryingBag"":""None"",""Accessories"":{""OtherJewellery"":true},""Footwear"":""CantSee"",""Demeanour"":""Classy-Groomed"",""ClothingStyle"":""Average"",""ImageQuality"":""Average"",""Emotion"":""Happy"",""ClothingStyle2"":""Daily"",""BodyPose"":""Side""}"
images/Set1/16530_1 (3).jpg,-1,"{}",1,0,"{""name"":""circle"",""cx"":69,""cy"":12,""r"":18.007}","{""Age"":""25-35"",""Weight"":""normal-healthy"",""Gender"":""male"",""Economy-Class"":""middle class"",""Education"":""Educated"",""CarryingBag"":""Daily/Office/Work Bag"",""Accessories"":{""Nothing"":true},""Footwear"":""Normal"",""Demeanour"":""Classy-Groomed"",""ClothingStyle"":""Average"",""ImageQuality"":""Average"",""Emotion"":""Happy"",""ClothingStyle2"":""Daily"",""BodyPose"":""Front-Frontish""}"
images/Set1/IMG (6414).jpg,-1,"{}",1,0,"{""name"":""rect"",""x"":74,""y"":5,""width"":178,""height"":185}","{""Age"":""45-55"",""Weight"":""slightly-overweight"",""Gender"":""male"",""Economy-Class"":""upper class"",""Education"":""Educated"",""CarryingBag"":""None"",""Accessories"":{""Nothing"":true},""Footwear"":""CantSee"",""Demeanour"":""Classy-Groomed"",""ClothingStyle"":""Average"",""ImageQuality"":""Good"",""Emotion"":""Neutral"",""ClothingStyle2"":""Formal/Business"",""BodyPose"":""Side""}"
images/Set1/70050_1.jpg,-1,"{}",1,0,"{""name"":""circle"",""cx"":138,""cy"":91,""r"":64.425}","{""Age"":""45-55"",""Weight"":""normal-healthy"",""Gender"":""male"",""Economy-Class"":""upper class"",""Education"":""Educated"",""CarryingBag"":""None"",""Accessories"":{""Nothing"":true},""Footwear"":""CantSee"",""Demeanour"":""Average"",""ClothingStyle"":""Average"",""ImageQuality"":""Average"",""Emotion"":""Angry/Serious"",""ClothingStyle2"":""Daily"",""BodyPose"":""Front-Frontish""}"
images/Set1/16230_2.jpg,-1,"{}",2,0,"{""name"":""circle"",""cx"":167,""cy"":114,""r"":110.75}","{""Age"":""35-45"",""Weight"":""normal-healthy"",""Gender"":""male"",""Economy-Class"":""upper class"",""Education"":""Educated"",""CarryingBag"":""None"",""Accessories"":{""OtherJewellery"":true},""Footwear"":""CantSee"",""Demeanour"":""Average"",""ClothingStyle"":""Classy-Fashionable"",""ImageQuality"":""Good"",""Emotion"":""Angry/Serious"",""ClothingStyle2"":""Daily"",""BodyPose"":""Side""}"
images/Set1/16230_2.jpg,-1,"{}",2,1,"{""name"":""circle"",""cx"":373,""cy"":185,""r"":40.754}","{""Age"":""25-35"",""Weight"":""normal-healthy"",""Gender"":""male"",""Economy-Class"":""middle class"",""Education"":""Educated"",""CarryingBag"":""None"",""Accessories"":{""Nothing"":true},""Footwear"":""CantSee"",""Demeanour"":""Classy-Groomed"",""ClothingStyle"":""Classy-Fashionable"",""ImageQuality"":""Average"",""Emotion"":""Happy"",""ClothingStyle2"":""Formal/Business"",""BodyPose"":""Front-Frontish""}"
images/Set1/IMG (5009).jpg,-1,"{}",2,0,"{""name"":""circle"",""cx"":57,""cy"":24,""r"":25.622}","{""Age"":""25-35"",""Weight"":""underweight"",""Gender"":""male"",""Economy-Class"":""lower middle class"",""Education"":""Uneducation"",""CarryingBag"":""None"",""Accessories"":{""Nothing"":true},""Footwear"":""CantSee"",""Demeanour"":""Unkept"",""ClothingStyle"":""Below Average"",""ImageQuality"":""Average"",""Emotion"":""Neutral"",""ClothingStyle2"":""Daily"",""BodyPose"":""Back""}"
images/Set1/IMG (5009).jpg,-1,"{}",2,1,"{""name"":""circle"",""cx"":88,""cy"":83,""r"":34.5}","{""Age"":""25-35"",""Weight"":""underweight"",""Gender"":""female"",""Economy-Class"":""lower middle class"",""Education"":""Uneducation"",""CarryingBag"":""None"",""Accessories"":{""Nothing"":true},""Footwear"":""CantSee"",""Demeanour"":""Unkept"",""ClothingStyle"":""Below Average"",""ImageQuality"":""Average"",""Emotion"":""Neutral"",""ClothingStyle2"":""Ethnic"",""BodyPose"":""Back""}"
images/Set1/IMG (2173).jpg,-1,"{}",1,0,"{""name"":""rect"",""x"":60,""y"":21,""width"":75,""height"":64}","{""Age"":""35-45"",""Weight"":""normal-healthy"",""Gender"":""male"",""Economy-Class"":""middle class"",""Education"":""Educated"",""CarryingBag"":""None"",""Accessories"":{""Watch"":true},""Footwear"":""CantSee"",""Demeanour"":""Classy-Groomed"",""ClothingStyle"":""Average"",""ImageQuality"":""Good"",""Emotion"":""Angry/Serious"",""ClothingStyle2"":""Formal/Business"",""BodyPose"":""Side""}"
images/Set1/10230_0 (3).jpg,-1,"{}",1,0,"{""name"":""rect"",""x"":57,""y"":0,""width"":86,""height"":67}","{""Age"":""35-45"",""Weight"":""slightly-overweight"",""Gender"":""male"",""Economy-Class"":""upper class"",""Education"":""Educated"",""CarryingBag"":""Daily/Office/Work Bag"",""Accessories"":{""Nothing"":true},""Footwear"":""CantSee"",""Demeanour"":""Classy-Groomed"",""ClothingStyle"":""Classy-Fashionable"",""ImageQuality"":""Average"",""Emotion"":""Neutral"",""ClothingStyle2"":""Daily"",""BodyPose"":""Front-Frontish""}"
images/Set1/26190_0 (2).jpg,-1,"{}",1,0,"{""name"":""rect"",""x"":94,""y"":28,""width"":163,""height"":167}","{""Age"":""35-45"",""Weight"":""slightly-overweight"",""Gender"":""female"",""Economy-Class"":""upper class"",""Education"":""Educated"",""CarryingBag"":""None"",""Accessories"":{""Earings"":true,""Sunglasses"":true},""Footwear"":""CantSee"",""Demeanour"":""Classy-Groomed"",""ClothingStyle"":""Classy-Fashionable"",""ImageQuality"":""Good"",""Emotion"":""Neutral"",""ClothingStyle2"":""Daily"",""BodyPose"":""Front-Frontish""}"
images/Set1/IMG (2929).jpg,-1,"{}",2,0,"{""name"":""circle"",""cx"":69,""cy"":34,""r"":29.568}","{""Age"":""25-35"",""Weight"":""normal-healthy"",""Gender"":""female"",""Economy-Class"":""middle class"",""Education"":""Educated"",""CarryingBag"":""None"",""Accessories"":{""Nothing"":true},""Footwear"":""CantSee"",""Demeanour"":""Average"",""ClothingStyle"":""Average"",""ImageQuality"":""Average"",""Emotion"":""Neutral"",""ClothingStyle2"":""Daily"",""BodyPose"":""Back""}"
images/Set1/IMG (2929).jpg,-1,"{}",2,1,"{""name"":""circle"",""cx"":17,""cy"":50,""r"":21.006}","{""Age"":""15-25"",""Weight"":""normal-healthy"",""Gender"":""female"",""Economy-Class"":""middle class"",""Education"":""Educated"",""CarryingBag"":""None"",""Accessories"":{""Nothing"":true},""Footwear"":""CantSee"",""Demeanour"":""Average"",""ClothingStyle"":""Average"",""ImageQuality"":""Average"",""Emotion"":""Neutral"",""ClothingStyle2"":""Sports"",""BodyPose"":""Back""}"
images/Set1/5670_3 (2).jpg,-1,"{}",1,0,"{""name"":""circle"",""cx"":244,""cy"":353,""r"":141.242}","{""Age"":""35-45"",""Weight"":""normal-healthy"",""Gender"":""female"",""Economy-Class"":""upper class"",""Education"":""Educated"",""CarryingBag"":""None"",""Accessories"":{""Nothing"":true},""Footwear"":""CantSee"",""Demeanour"":""Classy-Groomed"",""ClothingStyle"":""Classy-Fashionable"",""ImageQuality"":""Good"",""Emotion"":""Sad"",""ClothingStyle2"":""Daily"",""BodyPose"":""Front-Frontish""}"
images/Set1/IMG (4803).jpg,-1,"{}",2,0,"{""name"":""circle"",""cx"":93,""cy"":88,""r"":51}","{""Age"":""45-55"",""Weight"":""normal-healthy"",""Gender"":""male"",""Economy-Class"":""middle class"",""Education"":""Educated"",""CarryingBag"":""Grocery/Home/Plastic Bag"",""Accessories"":{""Nothing"":true},""Footwear"":""CantSee"",""Demeanour"":""Average"",""ClothingStyle"":""Average"",""ImageQuality"":""Average"",""Emotion"":""Angry/Serious"",""ClothingStyle2"":""Formal/Business"",""BodyPose"":""Front-Frontish""}"
images/Set1/IMG (4803).jpg,-1,"{}",2,1,"{""name"":""circle"",""cx"":195,""cy"":85,""r"":28.518}","{""Age"":""35-45"",""Weight"":""normal-healthy"",""Gender"":""male"",""Economy-Class"":""upper class"",""Education"":""Educated"",""CarryingBag"":""None"",""Accessories"":{""Sunglasses"":true},""Footwear"":""CantSee"",""Demeanour"":""Classy-Groomed"",""ClothingStyle"":""Classy-Fashionable"",""ImageQuality"":""Average"",""Emotion"":""Happy"",""ClothingStyle2"":""Formal/Business"",""BodyPose"":""Front-Frontish""}"
images/Set1/IMG (3).jpg,-1,"{}",1,0,"{""name"":""circle"",""cx"":81,""cy"":43,""r"":31.504}","{""Age"":""45-55"",""Weight"":""slightly-overweight"",""Gender"":""male"",""Economy-Class"":""middle class"",""Education"":""Educated"",""CarryingBag"":""None"",""Accessories"":{""Nothing"":true},""Footwear"":""CantSee"",""Demeanour"":""Average"",""ClothingStyle"":""Average"",""ImageQuality"":""Average"",""Emotion"":""Neutral"",""ClothingStyle2"":""Ethnic"",""BodyPose"":""Front-Frontish""}"
images/Set1/17850_1 (3).jpg,-1,"{}",2,0,"{""name"":""rect"",""x"":40,""y"":16,""width"":54,""height"":66}","{""Age"":""55+"",""Weight"":""normal-healthy"",""Gender"":""male"",""Economy-Class"":""middle class"",""Education"":""Educated"",""CarryingBag"":""Daily/Office/Work Bag"",""Accessories"":{""Nothing"":true},""Footwear"":""Normal"",""Demeanour"":""Average"",""ClothingStyle"":""Average"",""ImageQuality"":""Average"",""Emotion"":""Happy"",""ClothingStyle2"":""Formal/Business"",""BodyPose"":""Front-Frontish""}"
images/Set1/17850_1 (3).jpg,-1,"{}",2,1,"{""name"":""rect"",""x"":97,""y"":6,""width"":40,""height"":63}","{""Age"":""35-45"",""Weight"":""normal-healthy"",""Gender"":""male"",""Economy-Class"":""middle class"",""Education"":""Educated"",""CarryingBag"":""Daily/Office/Work Bag"",""Accessories"":{""Nothing"":true},""Footwear"":""Normal"",""Demeanour"":""Average"",""ClothingStyle"":""Classy-Fashionable"",""ImageQuality"":""Average"",""Emotion"":""Happy"",""ClothingStyle2"":""Daily"",""BodyPose"":""Side""}"
images/Set1/13350_2.jpg,-1,"{}",1,0,"{""name"":""rect"",""x"":36,""y"":9,""width"":54,""height"":46}","{""Age"":""25-35"",""Weight"":""normal-healthy"",""Gender"":""male"",""Economy-Class"":""middle class"",""Education"":""Educated"",""CarryingBag"":""None"",""Accessories"":{""Watch"":true},""Footwear"":""Fancy"",""Demeanour"":""Classy-Groomed"",""ClothingStyle"":""Classy-Fashionable"",""ImageQuality"":""Bad"",""Emotion"":""Happy"",""ClothingStyle2"":""Daily"",""BodyPose"":""Side""}"
images/Set1/IMG (3828).jpg,-1,"{}",1,0,"{""name"":""rect"",""x"":34,""y"":2,""width"":56,""height"":31}","{""Age"":""25-35"",""Weight"":""normal-healthy"",""Gender"":""male"",""Economy-Class"":""middle class"",""Education"":""Educated"",""CarryingBag"":""None"",""Accessories"":{""Nothing"":true},""Footwear"":""Normal"",""Demeanour"":""Average"",""ClothingStyle"":""Average"",""ImageQuality"":""Average"",""Emotion"":""Neutral"",""ClothingStyle2"":""Daily"",""BodyPose"":""Back""}"
images/Set1/21390_2.jpg,-1,"{}",1,0,"{""name"":""rect"",""x"":92,""y"":31,""width"":161,""height"":137}","{""Age"":""35-45"",""Weight"":""normal-healthy"",""Gender"":""female"",""Economy-Class"":""upper class"",""Education"":""Educated"",""CarryingBag"":""None"",""Accessories"":{""Sunglasses"":true},""Footwear"":""Fancy"",""Demeanour"":""Classy-Groomed"",""ClothingStyle"":""Classy-Fashionable"",""ImageQuality"":""Average"",""Emotion"":""Happy"",""ClothingStyle2"":""Daily"",""BodyPose"":""Front-Frontish""}"
images/Set1/27390_0 (4).jpg,-1,"{}",1,0,"{""name"":""rect"",""x"":33,""y"":30,""width"":235,""height"":194}","{""Age"":""35-45"",""Weight"":""slightly-overweight"",""Gender"":""female"",""Economy-Class"":""lower middle class"",""Education"":""Uneducation"",""CarryingBag"":""None"",""Accessories"":{""Nothing"":true},""Footwear"":""CantSee"",""Demeanour"":""Average"",""ClothingStyle"":""Below Average"",""ImageQuality"":""Good"",""Emotion"":""Neutral"",""ClothingStyle2"":""Ethnic"",""BodyPose"":""Side""}"
images/Set1/IMG (7452).jpg,-1,"{}",1,0,"{""name"":""rect"",""x"":148,""y"":36,""width"":90,""height"":109}","{""Age"":""25-35"",""Weight"":""normal-healthy"",""Gender"":""male"",""Economy-Class"":""lower middle class"",""Education"":""Uneducation"",""CarryingBag"":""None"",""Accessories"":{""Nothing"":true},""Footwear"":""Fancy"",""Demeanour"":""Average"",""ClothingStyle"":""Below Average"",""ImageQuality"":""Average"",""Emotion"":""Neutral"",""ClothingStyle2"":""Daily"",""BodyPose"":""Side""}"
images/Set1/14820_0 (2).jpg,-1,"{}",1,0,"{""name"":""rect"",""x"":195,""y"":30,""width"":162,""height"":185}","{""Age"":""45-55"",""Weight"":""slightly-overweight"",""Gender"":""male"",""Economy-Class"":""lower middle class"",""Education"":""Uneducation"",""CarryingBag"":""None"",""Accessories"":{""Nothing"":true},""Footwear"":""CantSee"",""Demeanour"":""Unkept"",""ClothingStyle"":""Below Average"",""ImageQuality"":""Average"",""Emotion"":""Neutral"",""ClothingStyle2"":""Formal/Business"",""BodyPose"":""Side""}"
images/Set1/IMG (1738).jpg,-1,"{}",1,0,"{""name"":""rect"",""x"":76,""y"":5,""width"":93,""height"":88}","{""Age"":""25-35"",""Weight"":""normal-healthy"",""Gender"":""female"",""Economy-Class"":""middle class"",""Education"":""Educated"",""CarryingBag"":""Daily/Office/Work Bag"",""Accessories"":{""OtherJewellery"":true,""Watch"":true},""Footwear"":""Fancy"",""Demeanour"":""Classy-Groomed"",""ClothingStyle"":""Classy-Fashionable"",""ImageQuality"":""Good"",""Emotion"":""Neutral"",""ClothingStyle2"":""Ethnic"",""BodyPose"":""Front-Frontish""}"
images/Set1/72150_1.jpg,-1,"{}",1,0,"{""name"":""rect"",""x"":60,""y"":19,""width"":334,""height"":248}","{""Age"":""25-35"",""Weight"":""normal-healthy"",""Gender"":""female"",""Economy-Class"":""middle class"",""Education"":""Educated"",""CarryingBag"":""None"",""Accessories"":{""Earings"":true,""OtherJewellery"":true,""Watch"":true},""Footwear"":""CantSee"",""Demeanour"":""Classy-Groomed"",""ClothingStyle"":""Classy-Fashionable"",""ImageQuality"":""Good"",""Emotion"":""Happy"",""ClothingStyle2"":""Daily"",""BodyPose"":""Front-Frontish""}"
images/Set1/3780_0 (2).jpg,-1,"{}",1,0,"{""name"":""rect"",""x"":147,""y"":24,""width"":146,""height"":121}","{""Age"":""25-35"",""Weight"":""slightly-overweight"",""Gender"":""female"",""Economy-Class"":""upper class"",""Education"":""Educated"",""CarryingBag"":""None"",""Accessories"":{""Nothing"":true},""Footwear"":""Normal"",""Demeanour"":""Classy-Groomed"",""ClothingStyle"":""Classy-Fashionable"",""ImageQuality"":""Average"",""Emotion"":""Angry/Serious"",""ClothingStyle2"":""Daily"",""BodyPose"":""Side""}"
images/Set1/18000_0 (2).jpg,-1,"{}",3,0,"{""name"":""rect"",""x"":230,""y"":0,""width"":144,""height"":174}","{""Age"":""25-35"",""Weight"":""normal-healthy"",""Gender"":""female"",""Economy-Class"":""upper class"",""Education"":""Educated"",""CarryingBag"":""Daily/Office/Work Bag"",""Accessories"":{""Nothing"":true},""Footwear"":""Normal"",""Demeanour"":""Classy-Groomed"",""ClothingStyle"":""Classy-Fashionable"",""ImageQuality"":""Average"",""Emotion"":""Neutral"",""ClothingStyle2"":""Daily"",""BodyPose"":""Front-Frontish""}"
images/Set1/18000_0 (2).jpg,-1,"{}",3,1,"{""name"":""rect"",""x"":72,""y"":47,""width"":69,""height"":99}","{""Age"":""25-35"",""Weight"":""normal-healthy"",""Gender"":""female"",""Economy-Class"":""middle class"",""Education"":""Educated"",""CarryingBag"":""Daily/Office/Work Bag"",""Accessories"":{""Nothing"":true},""Footwear"":""Normal"",""Demeanour"":""Average"",""ClothingStyle"":""Classy-Fashionable"",""ImageQuality"":""Average"",""Emotion"":""Neutral"",""ClothingStyle2"":""Daily"",""BodyPose"":""Front-Frontish""}"
images/Set1/18000_0 (2).jpg,-1,"{}",3,2,"{""name"":""rect"",""x"":157,""y"":50,""width"":53,""height"":88}","{""Age"":""25-35"",""Weight"":""normal-healthy"",""Gender"":""female"",""Economy-Class"":""middle class"",""Education"":""Educated"",""CarryingBag"":""None"",""Accessories"":{""Nothing"":true},""Footwear"":""CantSee"",""Demeanour"":""Average"",""ClothingStyle"":""Average"",""ImageQuality"":""Bad"",""Emotion"":""Neutral"",""ClothingStyle2"":""Daily"",""BodyPose"":""Front-Frontish""}"
images/Set1/2190_0 (3).jpg,-1,"{}",1,0,"{""name"":""rect"",""x"":71,""y"":0,""width"":102,""height"":104}","{""Age"":""25-35"",""Weight"":""normal-healthy"",""Gender"":""female"",""Economy-Class"":""middle class"",""Education"":""Educated"",""CarryingBag"":""Daily/Office/Work Bag"",""Accessories"":{""Watch"":true,""Sunglasses"":true},""Footwear"":""Fancy"",""Demeanour"":""Classy-Groomed"",""ClothingStyle"":""Classy-Fashionable"",""ImageQuality"":""Average"",""Emotion"":""Happy"",""ClothingStyle2"":""Daily"",""BodyPose"":""Side""}"
images/Set1/8910_3.jpg,-1,"{}",2,0,"{""name"":""rect"",""x"":60,""y"":9,""width"":54,""height"":79}","{""Age"":""15-25"",""Weight"":""normal-healthy"",""Gender"":""male"",""Economy-Class"":""lower middle class"",""Education"":""Educated"",""CarryingBag"":""None"",""Accessories"":{""Nothing"":true},""Footwear"":""CantSee"",""Demeanour"":""Unkept"",""ClothingStyle"":""Below Average"",""ImageQuality"":""Average"",""Emotion"":""Neutral"",""ClothingStyle2"":""Daily"",""BodyPose"":""Side""}"
images/Set1/8910_3.jpg,-1,"{}",2,1,"{""name"":""circle"",""cx"":55,""cy"":101,""r"":28.29}","{""Age"":""25-35"",""Weight"":""slightly-overweight"",""Gender"":""male"",""Economy-Class"":""lower middle class"",""Education"":""Educated"",""CarryingBag"":""None"",""Accessories"":{},""Footwear"":""Normal"",""Demeanour"":""Unkept"",""ClothingStyle"":""Below Average"",""ImageQuality"":""Average"",""Emotion"":""Neutral"",""ClothingStyle2"":""Daily"",""BodyPose"":""Side""}"
images/Set1/IMG (1560).jpg,-1,"{}",1,0,"{""name"":""rect"",""x"":65,""y"":9,""width"":62,""height"":63}","{""Age"":""25-35"",""Weight"":""normal-healthy"",""Gender"":""female"",""Economy-Class"":""lower middle class"",""Education"":""Educated"",""CarryingBag"":""None"",""Accessories"":{""OtherJewellery"":true},""Footwear"":""Fancy"",""Demeanour"":""Average"",""ClothingStyle"":""Average"",""ImageQuality"":""Average"",""Emotion"":""Angry/Serious"",""ClothingStyle2"":""Ethnic"",""BodyPose"":""Side""}"
images/Set1/11100_4 (2).jpg,-1,"{}",1,0,"{""name"":""rect"",""x"":61,""y"":2,""width"":74,""height"":64}","{""Age"":""25-35"",""Weight"":""normal-healthy"",""Gender"":""male"",""Economy-Class"":""middle class"",""Education"":""Educated"",""CarryingBag"":""None"",""Accessories"":{""Sunglasses"":true,""Watch"":true},""Footwear"":""Normal"",""Demeanour"":""Classy-Groomed"",""ClothingStyle"":""Classy-Fashionable"",""ImageQuality"":""Bad"",""Emotion"":""Happy"",""ClothingStyle2"":""Daily"",""BodyPose"":""Front-Frontish""}"
images/Set1/6720_1 (4).jpg,-1,"{}",2,0,"{""name"":""rect"",""x"":34,""y"":24,""width"":38,""height"":40}","{""Age"":""15-25"",""Weight"":""normal-healthy"",""Gender"":""female"",""Economy-Class"":""upper class"",""Education"":""Educated"",""CarryingBag"":""Daily/Office/Work Bag"",""Accessories"":{""Nothing"":true},""Footwear"":""Normal"",""Demeanour"":""Classy-Groomed"",""ClothingStyle"":""Classy-Fashionable"",""ImageQuality"":""Bad"",""Emotion"":""Happy"",""ClothingStyle2"":""Formal/Business"",""BodyPose"":""Back""}"
images/Set1/6720_1 (4).jpg,-1,"{}",2,1,"{""name"":""circle"",""cx"":94,""cy"":32,""r"":19.637}","{""Age"":""25-35"",""Weight"":""normal-healthy"",""Gender"":""female"",""Economy-Class"":""upper class"",""Education"":""Educated"",""CarryingBag"":""None"",""Accessories"":{},""Footwear"":""Fancy"",""Demeanour"":""Classy-Groomed"",""ClothingStyle"":""Classy-Fashionable"",""ImageQuality"":""Bad"",""Emotion"":""Happy"",""ClothingStyle2"":""Ethnic"",""BodyPose"":""Side""}"
images/Set1/25050_0 (2).jpg,-1,"{}",2,0,"{""name"":""rect"",""x"":66,""y"":9,""width"":83,""height"":66}","{""Age"":""25-35"",""Weight"":""normal-healthy"",""Gender"":""female"",""Economy-Class"":""upper class"",""Education"":""Educated"",""CarryingBag"":""Grocery/Home/Plastic Bag"",""Accessories"":{""Sunglasses"":true},""Footwear"":""Fancy"",""Demeanour"":""Classy-Groomed"",""ClothingStyle"":""Classy-Fashionable"",""ImageQuality"":""Average"",""Emotion"":""Sad"",""ClothingStyle2"":""Formal/Business"",""BodyPose"":""Front-Frontish""}"
images/Set1/25050_0 (2).jpg,-1,"{}",2,1,"{""name"":""rect"",""x"":188,""y"":41,""width"":31,""height"":41}","{""Age"":""25-35"",""Weight"":""slightly-overweight"",""Gender"":""female"",""Economy-Class"":""upper class"",""Education"":""Educated"",""CarryingBag"":""Daily/Office/Work Bag"",""Accessories"":{""Nothing"":true},""Footwear"":""Fancy"",""Demeanour"":""Classy-Groomed"",""ClothingStyle"":""Classy-Fashionable"",""ImageQuality"":""Average"",""Emotion"":""Neutral"",""ClothingStyle2"":""Formal/Business"",""BodyPose"":""Side""}"
images/Set1/40830_0.jpg,-1,"{}",1,0,"{""name"":""rect"",""x"":33,""y"":15,""width"":102,""height"":118}","{""Age"":""25-35"",""Weight"":""slightly-overweight"",""Gender"":""female"",""Economy-Class"":""middle class"",""Education"":""Educated"",""CarryingBag"":""None"",""Accessories"":{""Earings"":true},""Footwear"":""Normal"",""Demeanour"":""Classy-Groomed"",""ClothingStyle"":""Classy-Fashionable"",""ImageQuality"":""Good"",""Emotion"":""Sad"",""ClothingStyle2"":""Sports"",""BodyPose"":""Front-Frontish""}"
images/Set1/IMG (3707).jpg,-1,"{}",1,0,"{""name"":""rect"",""x"":99,""y"":2,""width"":72,""height"":67}","{""Age"":""25-35"",""Weight"":""slightly-overweight"",""Gender"":""male"",""Economy-Class"":""middle class"",""Education"":""Educated"",""CarryingBag"":""None"",""Accessories"":{""OtherJewellery"":true},""Footwear"":""Normal"",""Demeanour"":""Classy-Groomed"",""ClothingStyle"":""Average"",""ImageQuality"":""Average"",""Emotion"":""Happy"",""ClothingStyle2"":""Formal/Business"",""BodyPose"":""Side""}"
images/Set1/5910_0 (4).jpg,-1,"{}",1,0,"{""name"":""rect"",""x"":135,""y"":7,""width"":172,""height"":154}","{""Age"":""45-55"",""Weight"":""over-weight"",""Gender"":""female"",""Economy-Class"":""upper class"",""Education"":""Educated"",""CarryingBag"":""Shopping "",""Accessories"":{""Nothing"":true},""Footwear"":""Fancy"",""Demeanour"":""Classy-Groomed"",""ClothingStyle"":""Classy-Fashionable"",""ImageQuality"":""Good"",""Emotion"":""Angry/Serious"",""ClothingStyle2"":""Formal/Business"",""BodyPose"":""Side""}"
images/Set1/IMG (2380).jpg,-1,"{}",1,0,"{""name"":""rect"",""x"":67,""y"":2,""width"":114,""height"":111}","{""Age"":""25-35"",""Weight"":""normal-healthy"",""Gender"":""male"",""Economy-Class"":""middle class"",""Education"":""Uneducation"",""CarryingBag"":""Grocery/Home/Plastic Bag"",""Accessories"":{""Nothing"":true},""Footwear"":""CantSee"",""Demeanour"":""Average"",""ClothingStyle"":""Average"",""ImageQuality"":""Good"",""Emotion"":""Neutral"",""ClothingStyle2"":""Daily"",""BodyPose"":""Back""}"
images/Set1/1680_6.jpg,-1,"{}",1,0,"{""name"":""rect"",""x"":327,""y"":3,""width"":119,""height"":42}","{""Age"":""35-45"",""Weight"":""over-weight"",""Gender"":""female"",""Economy-Class"":""upper class"",""Education"":""Educated"",""CarryingBag"":""Daily/Office/Work Bag"",""Accessories"":{""OtherJewellery"":true},""Footwear"":""Fancy"",""Demeanour"":""Classy-Groomed"",""ClothingStyle"":""Classy-Fashionable"",""ImageQuality"":""Good"",""Emotion"":""Happy"",""ClothingStyle2"":""Daily"",""BodyPose"":""Side""}"
images/Set1/IMG (2607).jpg,-1,"{}",3,0,"{""name"":""rect"",""x"":64,""y"":9,""width"":53,""height"":30}","{""Age"":""25-35"",""Weight"":""normal-healthy"",""Gender"":""male"",""Economy-Class"":""lower middle class"",""Education"":""Uneducation"",""CarryingBag"":""Grocery/Home/Plastic Bag"",""Accessories"":{""Nothing"":true},""Footwear"":""Fancy"",""Demeanour"":""Average"",""ClothingStyle"":""Average"",""ImageQuality"":""Average"",""Emotion"":""Angry/Serious"",""ClothingStyle2"":""Daily"",""BodyPose"":""Side""}"
images/Set1/IMG (2607).jpg,-1,"{}",3,1,"{""name"":""rect"",""x"":44,""y"":68,""width"":36,""height"":27}","{""Age"":""25-35"",""Weight"":""normal-healthy"",""Gender"":""male"",""Economy-Class"":""middle class"",""Education"":""Educated"",""CarryingBag"":""None"",""Accessories"":{""Nothing"":true},""Footwear"":""CantSee"",""Demeanour"":""Average"",""ClothingStyle"":""Average"",""ImageQuality"":""Average"",""Emotion"":""Neutral"",""ClothingStyle2"":""Formal/Business"",""BodyPose"":""Side""}"
images/Set1/IMG (2607).jpg,-1,"{}",3,2,"{""name"":""rect"",""x"":0,""y"":21,""width"":22,""height"":28}","{""Age"":""35-45"",""Weight"":""normal-healthy"",""Gender"":""male"",""Economy-Class"":""middle class"",""Education"":""Educated"",""CarryingBag"":""None"",""Accessories"":{""Nothing"":true},""Footwear"":""CantSee"",""Demeanour"":""Average"",""ClothingStyle"":""Average"",""ImageQuality"":""Average"",""Emotion"":""Neutral"",""ClothingStyle2"":""Daily"",""BodyPose"":""Back""}"
images/Set1/390_0 (7).jpg,-1,"{}",2,0,"{""name"":""rect"",""x"":71,""y"":18,""width"":71,""height"":74}","{""Age"":""45-55"",""Weight"":""slightly-overweight"",""Gender"":""female"",""Economy-Class"":""middle class"",""Education"":""Educated"",""CarryingBag"":""None"",""Accessories"":{""Cap"":true},""Footwear"":""Normal"",""Demeanour"":""Average"",""ClothingStyle"":""Average"",""ImageQuality"":""Average"",""Emotion"":""Angry/Serious"",""ClothingStyle2"":""Daily"",""BodyPose"":""Side""}"
images/Set1/390_0 (7).jpg,-1,"{}",2,1,"{""name"":""rect"",""x"":0,""y"":1,""width"":32,""height"":59}","{""Age"":""25-35"",""Weight"":""normal-healthy"",""Gender"":""male"",""Economy-Class"":""middle class"",""Education"":""Educated"",""CarryingBag"":""None"",""Accessories"":{""Nothing"":true},""Footwear"":""Normal"",""Demeanour"":""Average"",""ClothingStyle"":""Average"",""ImageQuality"":""Average"",""Emotion"":""Neutral"",""ClothingStyle2"":""Formal/Business"",""BodyPose"":""Side""}"
images/Set1/4110_0 (2).jpg,-1,"{}",1,0,"{""name"":""rect"",""x"":65,""y"":21,""width"":62,""height"":65}","{""Age"":""35-45"",""Weight"":""normal-healthy"",""Gender"":""male"",""Economy-Class"":""middle class"",""Education"":""Educated"",""CarryingBag"":""None"",""Accessories"":{""Cap"":true},""Footwear"":""Fancy"",""Demeanour"":""Average"",""ClothingStyle"":""Average"",""ImageQuality"":""Good"",""Emotion"":""Neutral"",""ClothingStyle2"":""Ethnic"",""BodyPose"":""Back""}"
images/Set1/21900_0 (3).jpg,-1,"{}",1,0,"{""name"":""rect"",""x"":68,""y"":2,""width"":97,""height"":85}","{""Age"":""35-45"",""Weight"":""normal-healthy"",""Gender"":""male"",""Economy-Class"":""middle class"",""Education"":""Educated"",""CarryingBag"":""None"",""Accessories"":{""Nothing"":true},""Footwear"":""Normal"",""Demeanour"":""Average"",""ClothingStyle"":""Average"",""ImageQuality"":""Average"",""Emotion"":""Neutral"",""ClothingStyle2"":""Daily"",""BodyPose"":""Back""}"
images/Set1/21330_0 (2).jpg,-1,"{}",1,0,"{""name"":""rect"",""x"":107,""y"":29,""width"":82,""height"":133}","{""Age"":""35-45"",""Weight"":""slightly-overweight"",""Gender"":""female"",""Economy-Class"":""middle class"",""Education"":""Educated"",""CarryingBag"":""Daily/Office/Work Bag"",""Accessories"":{""OtherJewellery"":true},""Footwear"":""Normal"",""Demeanour"":""Classy-Groomed"",""ClothingStyle"":""Classy-Fashionable"",""ImageQuality"":""Good"",""Emotion"":""Angry/Serious"",""ClothingStyle2"":""Formal/Business"",""BodyPose"":""Front-Frontish""}"
images/Set1/IMG (4501).jpg,-1,"{}",1,0,"{""name"":""rect"",""x"":46,""y"":0,""width"":62,""height"":54}","{""Age"":""35-45"",""Weight"":""normal-healthy"",""Gender"":""male"",""Economy-Class"":""middle class"",""Education"":""Educated"",""CarryingBag"":""None"",""Accessories"":{""Nothing"":true},""Footwear"":""Normal"",""Demeanour"":""Average"",""ClothingStyle"":""Average"",""ImageQuality"":""Average"",""Emotion"":""Angry/Serious"",""ClothingStyle2"":""Daily"",""BodyPose"":""Side""}"
images/Set1/36360_0 (2).jpg,-1,"{}",1,0,"{""name"":""rect"",""x"":73,""y"":4,""width"":70,""height"":90}","{""Age"":""45-55"",""Weight"":""slightly-overweight"",""Gender"":""male"",""Economy-Class"":""middle class"",""Education"":""Educated"",""CarryingBag"":""None"",""Accessories"":{""Nothing"":true},""Footwear"":""Normal"",""Demeanour"":""Classy-Groomed"",""ClothingStyle"":""Classy-Fashionable"",""ImageQuality"":""Good"",""Emotion"":""Neutral"",""ClothingStyle2"":""Daily"",""BodyPose"":""Front-Frontish""}"
images/Set1/28230_0 (3).jpg,-1,"{}",1,0,"{""name"":""rect"",""x"":56,""y"":4,""width"":106,""height"":86}","{""Age"":""35-45"",""Weight"":""normal-healthy"",""Gender"":""female"",""Economy-Class"":""middle class"",""Education"":""Educated"",""CarryingBag"":""Daily/Office/Work Bag"",""Accessories"":{},""Footwear"":""Normal"",""Demeanour"":""Classy-Groomed"",""ClothingStyle"":""Classy-Fashionable"",""ImageQuality"":""Good"",""Emotion"":""Happy"",""ClothingStyle2"":""Formal/Business"",""BodyPose"":""Side""}"
images/Set2/30810_7.jpg,-1,"{}",1,0,"{""name"":""circle"",""cx"":696,""cy"":310,""r"":245}","{""Age"":""35-45"",""Weight"":""normal-healthy"",""Gender"":""female"",""Economy-Class"":""upper class"",""Education"":""Educated"",""CarryingBag"":""Daily/Office/Work Bag"",""Accessories"":{""Earings"":true},""Footwear"":""CantSee"",""Demeanour"":""Classy-Groomed"",""ClothingStyle"":""Classy-Fashionable"",""ImageQuality"":""Good"",""Emotion"":""Happy"",""ClothingStyle2"":""Daily"",""BodyPose"":""Side""}"
images/Set2/14400_1.jpg,-1,"{}",2,0,"{""name"":""rect"",""x"":418,""y"":53,""width"":394,""height"":362}","{""Age"":""35-45"",""Weight"":""normal-healthy"",""Gender"":""female"",""Economy-Class"":""upper class"",""Education"":""Educated"",""CarryingBag"":""Daily/Office/Work Bag"",""Accessories"":{""Nothing"":true},""Footwear"":""CantSee"",""Demeanour"":""Classy-Groomed"",""ClothingStyle"":""Classy-Fashionable"",""ImageQuality"":""Good"",""Emotion"":""Happy"",""ClothingStyle2"":""Daily"",""BodyPose"":""Side""}"
images/Set2/14400_1.jpg,-1,"{}",2,1,"{""name"":""rect"",""x"":181,""y"":93,""width"":181,""height"":242}","{""Age"":""55+"",""Weight"":""slightly-overweight"",""Gender"":""female"",""Economy-Class"":""upper class"",""Education"":""Educated"",""CarryingBag"":""Daily/Office/Work Bag"",""Accessories"":{""Sunglasses"":true},""Footwear"":""CantSee"",""Demeanour"":""Classy-Groomed"",""ClothingStyle"":""Classy-Fashionable"",""ImageQuality"":""Good"",""Emotion"":""Neutral"",""ClothingStyle2"":""Daily"",""BodyPose"":""Side""}"
images/Set2/7230_1.jpg,-1,"{}",1,0,"{""name"":""rect"",""x"":146,""y"":3,""width"":463,""height"":473}","{""Age"":""35-45"",""Weight"":""normal-healthy"",""Gender"":""male"",""Economy-Class"":""upper class"",""Education"":""Educated"",""CarryingBag"":""None"",""Accessories"":{""Watch"":true,""Sunglasses"":true},""Footwear"":""CantSee"",""Demeanour"":""Classy-Groomed"",""ClothingStyle"":""Classy-Fashionable"",""ImageQuality"":""Good"",""Emotion"":""Happy"",""ClothingStyle2"":""Sports"",""BodyPose"":""Side""}"
images/Set2/23010_0.jpg,-1,"{}",1,0,"{""name"":""rect"",""x"":155,""y"":13,""width"":274,""height"":268}","{""Age"":""45-55"",""Weight"":""normal-healthy"",""Gender"":""male"",""Economy-Class"":""upper class"",""Education"":""Educated"",""CarryingBag"":""None"",""Accessories"":{""Watch"":true},""Footwear"":""Normal"",""Demeanour"":""Classy-Groomed"",""ClothingStyle"":""Classy-Fashionable"",""ImageQuality"":""Good"",""Emotion"":""Neutral"",""ClothingStyle2"":""Daily"",""BodyPose"":""Back""}"
images/Set2/38070_2.jpg,-1,"{}",1,0,"{""name"":""rect"",""x"":33,""y"":4,""width"":117,""height"":101}","{""Age"":""25-35"",""Weight"":""normal-healthy"",""Gender"":""male"",""Economy-Class"":""upper class"",""Education"":""Educated"",""CarryingBag"":""None"",""Accessories"":{""Nothing"":true},""Footwear"":""Normal"",""Demeanour"":""Classy-Groomed"",""ClothingStyle"":""Classy-Fashionable"",""ImageQuality"":""Good"",""Emotion"":""Angry/Serious"",""ClothingStyle2"":""Daily"",""BodyPose"":""Side""}"
images/Set2/24060_3.jpg,-1,"{}",1,0,"{""name"":""rect"",""x"":114,""y"":28,""width"":272,""height"":181}","{""Age"":""25-35"",""Weight"":""normal-healthy"",""Gender"":""female"",""Economy-Class"":""upper class"",""Education"":""Educated"",""CarryingBag"":""None"",""Accessories"":{""Nothing"":true},""Footwear"":""Normal"",""Demeanour"":""Classy-Groomed"",""ClothingStyle"":""Classy-Fashionable"",""ImageQuality"":""Good"",""Emotion"":""Happy"",""ClothingStyle2"":""Daily"",""BodyPose"":""Back""}"
images/Set2/26460_1.jpg,-1,"{}",1,0,"{""name"":""rect"",""x"":196,""y"":81,""width"":184,""height"":208}","{""Age"":""35-45"",""Weight"":""normal-healthy"",""Gender"":""male"",""Economy-Class"":""upper class"",""Education"":""Educated"",""CarryingBag"":""None"",""Accessories"":{""Watch"":true},""Footwear"":""Normal"",""Demeanour"":""Classy-Groomed"",""ClothingStyle"":""Classy-Fashionable"",""ImageQuality"":""Good"",""Emotion"":""Happy"",""ClothingStyle2"":""Formal/Business"",""BodyPose"":""Side""}"
images/Set2/6750_0.jpg,-1,"{}",1,0,"{""name"":""rect"",""x"":93,""y"":18,""width"":81,""height"":54}","{""Age"":""45-55"",""Weight"":""normal-healthy"",""Gender"":""female"",""Economy-Class"":""upper class"",""Education"":""Educated"",""CarryingBag"":""None"",""Accessories"":{""Sunglasses"":true},""Footwear"":""Fancy"",""Demeanour"":""Classy-Groomed"",""ClothingStyle"":""Classy-Fashionable"",""ImageQuality"":""Good"",""Emotion"":""Angry/Serious"",""ClothingStyle2"":""Formal/Business"",""BodyPose"":""Side""}"
images/Set2/25140_2.jpg,-1,"{}",3,0,"{""name"":""rect"",""x"":419,""y"":34,""width"":142,""height"":188}","{""Age"":""35-45"",""Weight"":""normal-healthy"",""Gender"":""male"",""Economy-Class"":""middle class"",""Education"":""Educated"",""CarryingBag"":""Grocery/Home/Plastic Bag"",""Accessories"":{""Cap"":true},""Footwear"":""Normal"",""Demeanour"":""Average"",""ClothingStyle"":""Average"",""ImageQuality"":""Good"",""Emotion"":""Sad"",""ClothingStyle2"":""Daily"",""BodyPose"":""Side""}"
images/Set2/25140_2.jpg,-1,"{}",3,1,"{""name"":""rect"",""x"":318,""y"":5,""width"":91,""height"":85}","{""Age"":""25-35"",""Weight"":""normal-healthy"",""Gender"":""female"",""Economy-Class"":""middle class"",""Education"":""Educated"",""CarryingBag"":""None"",""Accessories"":{""Nothing"":true},""Footwear"":""CantSee"",""Demeanour"":""Average"",""ClothingStyle"":""Average"",""ImageQuality"":""Good"",""Emotion"":""Neutral"",""ClothingStyle2"":""Ethnic"",""BodyPose"":""Side""}"
images/Set2/25140_2.jpg,-1,"{}",3,2,"{""name"":""rect"",""x"":580,""y"":4,""width"":96,""height"":138}","{""Age"":""Under 15"",""Weight"":""normal-healthy"",""Gender"":""female"",""Economy-Class"":""middle class"",""Education"":""Educated"",""CarryingBag"":""None"",""Accessories"":{""Nothing"":true},""Footwear"":""CantSee"",""Demeanour"":""Classy-Groomed"",""ClothingStyle"":""Classy-Fashionable"",""ImageQuality"":""Good"",""Emotion"":undefined,""ClothingStyle2"":""Daily"",""BodyPose"":""Side""}"
images/Set2/41880_2.jpg,-1,"{}",2,0,"{""name"":""rect"",""x"":127,""y"":72,""width"":70,""height"":91}","{""Age"":""25-35"",""Weight"":""normal-healthy"",""Gender"":""female"",""Economy-Class"":""upper class"",""Education"":""Educated"",""CarryingBag"":""Daily/Office/Work Bag"",""Accessories"":{""Watch"":true},""Footwear"":""Fancy"",""Demeanour"":""Classy-Groomed"",""ClothingStyle"":""Classy-Fashionable"",""ImageQuality"":""Good"",""Emotion"":""Happy"",""ClothingStyle2"":""Formal/Business"",""BodyPose"":""Front-Frontish""}"
images/Set2/41880_2.jpg,-1,"{}",2,1,"{""name"":""circle"",""cx"":98,""cy"":50,""r"":34.736}","{""Age"":""35-45"",""Weight"":""slightly-overweight"",""Gender"":""male"",""Economy-Class"":""upper class"",""Education"":""Educated"",""CarryingBag"":""Daily/Office/Work Bag"",""Accessories"":{""Sunglasses"":true},""Footwear"":""Normal"",""Demeanour"":""Classy-Groomed"",""ClothingStyle"":""Classy-Fashionable"",""ImageQuality"":""Good"",""Emotion"":""Angry/Serious"",""ClothingStyle2"":""Formal/Business"",""BodyPose"":""Back""}"
images/Set2/14430_1 (3).jpg,-1,"{}",1,0,"{""name"":""rect"",""x"":154,""y"":18,""width"":113,""height"":109}","{""Age"":""55+"",""Weight"":""slightly-overweight"",""Gender"":""female"",""Economy-Class"":""upper class"",""Education"":""Educated"",""CarryingBag"":""Daily/Office/Work Bag"",""Accessories"":{""Nothing"":true},""Footwear"":""Normal"",""Demeanour"":""Classy-Groomed"",""ClothingStyle"":""Classy-Fashionable"",""ImageQuality"":""Good"",""Emotion"":""Happy"",""ClothingStyle2"":""Ethnic"",""BodyPose"":""Back""}"
images/Set2/360_7.jpg,-1,"{}",1,0,"{""name"":""rect"",""x"":330,""y"":6,""width"":109,""height"":56}","{""Age"":""25-35"",""Weight"":""normal-healthy"",""Gender"":""female"",""Economy-Class"":""middle class"",""Education"":""Educated"",""CarryingBag"":""Daily/Office/Work Bag"",""Accessories"":{""Nothing"":true},""Footwear"":""Fancy"",""Demeanour"":""Classy-Groomed"",""ClothingStyle"":""Classy-Fashionable"",""ImageQuality"":""Good"",""Emotion"":""Neutral"",""ClothingStyle2"":""Formal/Business"",""BodyPose"":""Side""}"
images/Set2/29190_5.jpg,-1,"{}",1,0,"{""name"":""circle"",""cx"":191,""cy"":85,""r"":83.182}","{""Age"":""35-45"",""Weight"":""slightly-overweight"",""Gender"":""female"",""Economy-Class"":""upper class"",""Education"":""Educated"",""CarryingBag"":""Daily/Office/Work Bag"",""Accessories"":{""Nothing"":true},""Footwear"":""CantSee"",""Demeanour"":""Classy-Groomed"",""ClothingStyle"":""Classy-Fashionable"",""ImageQuality"":""Good"",""Emotion"":""Happy"",""ClothingStyle2"":""Daily"",""BodyPose"":""Front-Frontish""}"
images/Set2/27600_3 (2).jpg,-1,"{}",3,0,"{""name"":""rect"",""x"":80,""y"":32,""width"":50,""height"":58}","{""Age"":""25-35"",""Weight"":""normal-healthy"",""Gender"":""female"",""Economy-Class"":""upper class"",""Education"":""Educated"",""CarryingBag"":""Daily/Office/Work Bag"",""Accessories"":{""Nothing"":true},""Footwear"":""Fancy"",""Demeanour"":""Classy-Groomed"",""ClothingStyle"":""Classy-Fashionable"",""ImageQuality"":""Good"",""Emotion"":""Angry/Serious"",""ClothingStyle2"":""Daily"",""BodyPose"":""Side""}"
images/Set2/27600_3 (2).jpg,-1,"{}",3,1,"{""name"":""rect"",""x"":46,""y"":55,""width"":32,""height"":43}","{""Age"":""Under 15"",""Weight"":""normal-healthy"",""Gender"":""female"",""Economy-Class"":""upper class"",""Education"":""Educated"",""CarryingBag"":""None"",""Accessories"":{""Sunglasses"":true},""Footwear"":""Fancy"",""Demeanour"":""Classy-Groomed"",""ClothingStyle"":""Classy-Fashionable"",""ImageQuality"":""Good"",""Emotion"":""Neutral"",""ClothingStyle2"":""Daily"",""BodyPose"":""Side""}"
images/Set2/27600_3 (2).jpg,-1,"{}",3,2,"{""name"":""rect"",""x"":132,""y"":18,""width"":36,""height"":52}","{""Age"":""35-45"",""Weight"":""normal-healthy"",""Gender"":""male"",""Economy-Class"":""upper class"",""Education"":""Educated"",""CarryingBag"":""None"",""Accessories"":{""Sunglasses"":true},""Footwear"":""Normal"",""Demeanour"":""Classy-Groomed"",""ClothingStyle"":""Classy-Fashionable"",""ImageQuality"":""Good"",""Emotion"":""Angry/Serious"",""ClothingStyle2"":""Daily"",""BodyPose"":""Side""}"
images/Set3/28680_1.jpg,-1,"{}",1,0,"{""name"":""rect"",""x"":104,""y"":4,""width"":235,""height"":180}","{""Age"":""35-45"",""Weight"":""normal-healthy"",""Gender"":""female"",""Economy-Class"":""upper class"",""Education"":""Educated"",""CarryingBag"":""Grocery/Home/Plastic Bag"",""Accessories"":{""Nothing"":true},""Footwear"":""Normal"",""Demeanour"":""Classy-Groomed"",""ClothingStyle"":""Classy-Fashionable"",""ImageQuality"":""Good"",""Emotion"":""Happy"",""ClothingStyle2"":""Formal/Business"",""BodyPose"":""Front-Frontish""}"
images/Set3/3030_5.jpg,-1,"{}",2,0,"{""name"":""rect"",""x"":229,""y"":52,""width"":166,""height"":159}","{""Age"":""15-25"",""Weight"":""normal-healthy"",""Gender"":""male"",""Economy-Class"":""upper class"",""Education"":""Educated"",""CarryingBag"":""None"",""Accessories"":{""Nothing"":true},""Footwear"":""Normal"",""Demeanour"":""Classy-Groomed"",""ClothingStyle"":""Classy-Fashionable"",""ImageQuality"":""Good"",""Emotion"":""Happy"",""ClothingStyle2"":""Daily"",""BodyPose"":""Side""}"
images/Set3/3030_5.jpg,-1,"{}",2,1,"{""name"":""rect"",""x"":22,""y"":35,""width"":183,""height"":253}","{""Age"":""15-25"",""Weight"":""normal-healthy"",""Gender"":""male"",""Economy-Class"":""upper class"",""Education"":""Educated"",""CarryingBag"":""None"",""Accessories"":{""Sunglasses"":true},""Footwear"":""CantSee"",""Demeanour"":""Classy-Groomed"",""ClothingStyle"":""Classy-Fashionable"",""ImageQuality"":""Good"",""Emotion"":""Angry/Serious"",""ClothingStyle2"":""Daily"",""BodyPose"":""Side""}"
images/Set3/13500_6.jpg,-1,"{}",2,0,"{""name"":""rect"",""x"":156,""y"":22,""width"":100,""height"":87}","{""Age"":""35-45"",""Weight"":""over-weight"",""Gender"":""female"",""Economy-Class"":undefined,""Education"":""Educated"",""CarryingBag"":""None"",""Accessories"":{""OtherJewellery"":true},""Footwear"":""Normal"",""Demeanour"":""Classy-Groomed"",""ClothingStyle"":""Classy-Fashionable"",""ImageQuality"":""Good"",""Emotion"":""Happy"",""ClothingStyle2"":""Ethnic"",""BodyPose"":""Side""}"
images/Set3/13500_6.jpg,-1,"{}",2,1,"{""name"":""rect"",""x"":277,""y"":86,""width"":47,""height"":73}","{""Age"":""25-35"",""Weight"":""normal-healthy"",""Gender"":""female"",""Economy-Class"":""upper class"",""Education"":""Educated"",""CarryingBag"":undefined,""Accessories"":{},""Footwear"":undefined,""Demeanour"":""Classy-Groomed"",""ClothingStyle"":""Classy-Fashionable"",""ImageQuality"":""Good"",""Emotion"":""Happy"",""ClothingStyle2"":undefined,""BodyPose"":""Side""}"
images/Set3/10110_3.jpg,-1,"{}",2,0,"{""name"":""rect"",""x"":116,""y"":54,""width"":139,""height"":130}","{""Age"":""25-35"",""Weight"":""normal-healthy"",""Gender"":""female"",""Economy-Class"":""middle class"",""Education"":""Educated"",""CarryingBag"":""Daily/Office/Work Bag"",""Accessories"":{""Nothing"":true},""Footwear"":""Normal"",""Demeanour"":""Classy-Groomed"",""ClothingStyle"":""Classy-Fashionable"",""ImageQuality"":""Good"",""Emotion"":""Happy"",""ClothingStyle2"":""Sports"",""BodyPose"":""Front-Frontish""}"
images/Set3/10110_3.jpg,-1,"{}",2,1,"{""name"":""rect"",""x"":375,""y"":51,""width"":60,""height"":89}","{""Age"":""45-55"",""Weight"":""slightly-overweight"",""Gender"":""male"",""Economy-Class"":""upper class"",""Education"":""Educated"",""CarryingBag"":""None"",""Accessories"":{""Sunglasses"":true},""Footwear"":""Normal"",""Demeanour"":""Classy-Groomed"",""ClothingStyle"":""Classy-Fashionable"",""ImageQuality"":""Good"",""Emotion"":""Happy"",""ClothingStyle2"":""Sports"",""BodyPose"":""Side""}"
images/Set3/10440_1 (2).jpg,-1,"{}",1,0,"{""name"":""rect"",""x"":299,""y"":17,""width"":151,""height"":210}","{""Age"":""35-45"",""Weight"":""slightly-overweight"",""Gender"":""male"",""Economy-Class"":""upper class"",""Education"":""Educated"",""CarryingBag"":""Grocery/Home/Plastic Bag"",""Accessories"":{""Nothing"":true},""Footwear"":""CantSee"",""Demeanour"":""Classy-Groomed"",""ClothingStyle"":""Classy-Fashionable"",""ImageQuality"":""Good"",""Emotion"":""Happy"",""ClothingStyle2"":""Formal/Business"",""BodyPose"":""Side""}"
images/Set3/37830_7.jpg,-1,"{}",2,0,"{""name"":""rect"",""x"":24,""y"":26,""width"":46,""height"":56}","{""Age"":""55+"",""Weight"":""slightly-overweight"",""Gender"":""female"",""Economy-Class"":""upper class"",""Education"":""Educated"",""CarryingBag"":""Daily/Office/Work Bag"",""Accessories"":{""Nothing"":true},""Footwear"":""Normal"",""Demeanour"":""Classy-Groomed"",""ClothingStyle"":""Classy-Fashionable"",""ImageQuality"":""Average"",""Emotion"":""Neutral"",""ClothingStyle2"":""Formal/Business"",""BodyPose"":""Side""}"
images/Set3/37830_7.jpg,-1,"{}",2,1,"{""name"":""rect"",""x"":77,""y"":9,""width"":41,""height"":36}","{""Age"":""25-35"",""Weight"":""normal-healthy"",""Gender"":""female"",""Economy-Class"":""middle class"",""Education"":""Educated"",""CarryingBag"":""Daily/Office/Work Bag"",""Accessories"":{""Nothing"":true},""Footwear"":""Normal"",""Demeanour"":""Classy-Groomed"",""ClothingStyle"":""Classy-Fashionable"",""ImageQuality"":""Average"",""Emotion"":""Happy"",""ClothingStyle2"":""Formal/Business"",""BodyPose"":""Side""}"
images/Set4/3000_3.jpg,-1,"{}",1,0,"{""name"":""rect"",""x"":87,""y"":3,""width"":114,""height"":119}","{""Age"":""25-35"",""Weight"":""slightly-overweight"",""Gender"":""female"",""Economy-Class"":""upper class"",""Education"":""Educated"",""CarryingBag"":""Daily/Office/Work Bag"",""Accessories"":{""Sunglasses"":true,""Watch"":true},""Footwear"":""Normal"",""Demeanour"":""Classy-Groomed"",""ClothingStyle"":""Classy-Fashionable"",""ImageQuality"":""Average"",""Emotion"":""Happy"",""ClothingStyle2"":""Daily"",""BodyPose"":""Front-Frontish""}"
images/Set4/11460_1.jpg,-1,"{}",1,0,"{""name"":""rect"",""x"":193,""y"":0,""width"":214,""height"":200}","{""Age"":""35-45"",""Weight"":""normal-healthy"",""Gender"":""female"",""Economy-Class"":""upper class"",""Education"":""Educated"",""CarryingBag"":""Daily/Office/Work Bag"",""Accessories"":{""Nothing"":true},""Footwear"":""Fancy"",""Demeanour"":""Classy-Groomed"",""ClothingStyle"":""Classy-Fashionable"",""ImageQuality"":""Good"",""Emotion"":""Happy"",""ClothingStyle2"":""Daily"",""BodyPose"":""Front-Frontish""}"
images/Set4/1230_5.jpg,-1,"{}",1,0,"{""name"":""rect"",""x"":77,""y"":7,""width"":89,""height"":73}","{""Age"":""35-45"",""Weight"":""slightly-overweight"",""Gender"":""female"",""Economy-Class"":""upper class"",""Education"":""Educated"",""CarryingBag"":""Daily/Office/Work Bag"",""Accessories"":{""Watch"":true},""Footwear"":""Fancy"",""Demeanour"":""Classy-Groomed"",""ClothingStyle"":""Classy-Fashionable"",""ImageQuality"":""Good"",""Emotion"":""Happy"",""ClothingStyle2"":""Formal/Business"",""BodyPose"":""Front-Frontish""}"
images/Set4/180_0 (2).jpg,-1,"{}",1,0,"{""name"":""rect"",""x"":73,""y"":42,""width"":134,""height"":175}","{""Age"":""35-45"",""Weight"":""over-weight"",""Gender"":""female"",""Economy-Class"":""upper class"",""Education"":""Educated"",""CarryingBag"":""Daily/Office/Work Bag"",""Accessories"":{""Sunglasses"":true,""OtherJewellery"":true},""Footwear"":""Fancy"",""Demeanour"":""Classy-Groomed"",""ClothingStyle"":""Classy-Fashionable"",""ImageQuality"":""Good"",""Emotion"":""Happy"",""ClothingStyle2"":""Formal/Business"",""BodyPose"":""Front-Frontish""}"
Shiv.jpg,8597,"{}",1,0,"{""name"":""rect"",""x"":104,""y"":51,""width"":191,""height"":119}","{""Age"":""35-45"",""Weight"":""over-weight"",""Gender"":""male"",""Economy-Class"":""middle class"",""Education"":""Educated"",""CarryingBag"":""None"",""Accessories"":{""Nothing"":true},""Footwear"":""CantSee"",""Demeanour"":""Average"",""ClothingStyle"":""Average"",""ImageQuality"":""Good"",""Emotion"":""Happy"",""ClothingStyle2"":""Formal/Business"",""BodyPose"":""Front-Frontish""}"